sigma,synthetic_k,a_param,b_param,AA_type,analysis_k,rep,loss,NMI,MCC,BDM
-0.1,5,1,1,RBOAA,5,0,153314.36,0.0005948091350566081,0.5648775175771921,0.6437247356637754
-0.1,5,1,1,CAA,5,0,354227.47,0.059620192055504166,0.7223212019679293,NaN
-0.1,5,1,1,OAA,5,0,164689.16,0.00045621527697641776,0.5192168623778853,0.5663402708990678
-0.1,5,1,1,TSAA,5,0,1021.2765,0.002392619147305771,0.112553208700984,NaN
