sigma,synthetic_k,a_param,b_param,AA_type,analysis_k,rep,loss,NMI,MCC,BDM
-1000,5,1,1,RBOAA,5,0,91628.414,0.0003253073157751295,0.6811787023265625,0.9185667758129945
-1000,5,1,1,CAA,5,0,11239.622,0.85246752840959,0.8925501557995601,NaN
-1000,5,1,1,OAA,5,0,99608.07,0.0007928795759716093,0.6310203591493979,0.40479769902630164
-1000,5,1,1,TSAA,5,0,132.07294,0.5875185504942935,0.12419352922346268,NaN
