sigma,synthetic_k,a_param,b_param,AA_type,analysis_k,rep,loss,NMI,MCC,BDM
-10000,5,1,1,RBOAA,5,0,91628.78,0.000653144061743789,0.6861716597130079,0.9201308166036368
-10000,5,1,1,CAA,5,0,10347.207,0.8769704451369305,0.9443810598790552,NaN
-10000,5,1,1,OAA,5,0,99583.69,0.0008247249557788299,0.7017910429425732,0.3990051610080708
-10000,5,1,1,TSAA,5,0,130.02054,0.5899416192640479,0.07682272324332966,NaN
