sigma,synthetic_k,a_param,b_param,AA_type,analysis_k,rep,loss,NMI,MCC,BDM
-1,5,1,1,RBOAA,5,0,162697.53,0.0008360884681766658,0.6469535067849099,0.6330912779299759
-1,5,1,1,CAA,5,0,197985.94,0.27387119006912275,0.8406193410491547,NaN
-1,5,1,1,OAA,5,0,173814.95,0.0005763489647733006,0.6154274104995998,0.43799369870933863
-1,5,1,1,TSAA,5,0,73.48712,0.1558367067466564,0.13862281041223373,NaN
