sigma,synthetic_k,a_param,b_param,AA_type,analysis_k,rep,loss,NMI,MCC,BDM
-2.25,5,1,1,RBOAA,5,0,119938.09,0.0005253127986447695,0.722756773148163,0.8197830897778046
-2.25,5,1,1,CAA,5,0,40540.613,0.7364478640988467,0.9273546590253187,NaN
-2.25,5,1,1,OAA,5,0,128816.766,0.0010384658472355462,0.7171776018792324,0.41811483707312036
-2.25,5,1,1,TSAA,5,0,260.57248,0.5090028877060842,0.137686075686886,NaN
