sigma,synthetic_k,a_param,b_param,AA_type,analysis_k,rep,loss,NMI,MCC,BDM
-20,5,1,1,RBOAA,5,0,91630.0,0.0002483663832524721,0.692814087463533,0.18411865333053595
-20,5,1,1,CAA,5,0,7735.253,0.9231125281146986,0.9978596258867783,NaN
-20,5,1,1,OAA,5,0,99373.06,0.0004470564336844193,0.679240148728066,0.07513151144493205
-20,5,1,1,TSAA,5,0,131.94527,0.5781521019032949,0.156116000187717,NaN
