sigma,synthetic_k,a_param,b_param,AA_type,analysis_k,rep,loss,NMI,MCC,BDM
-20,5,1,1,RBOAA,5,0,172949.75,0.000530830350637293,0.4943017733980207,1.3760101043477433
-20,5,1,1,CAA,5,0,33070.0,0.055874718429145334,0.5641819903554706,NaN
-20,5,1,1,OAA,5,0,183708.4,0.0007583621148697939,0.5316806967875898,1.3484325547649694
-20,5,1,1,TSAA,5,0,1.3478875,0.017191784204626498,0.1396172322386018,NaN
