sigma,synthetic_k,a_param,b_param,AA_type,analysis_k,rep,loss,NMI,MCC,BDM
-20,5,1,1,RBOAA,5,0,150462.95,0.0008427043576270929,0.5519119551527469,0.917617038912062
-20,5,1,1,CAA,5,0,34914.105,0.36802851146545096,0.7908995374063594,NaN
-20,5,1,1,OAA,5,0,161619.94,0.0005972268429579358,0.5528183743526289,0.7462556121517173
-20,5,1,1,TSAA,5,0,154.63669,0.09163888181092966,0.20417864169465458,NaN
