sigma,synthetic_k,a_param,b_param,AA_type,analysis_k,rep,loss,NMI,MCC,BDM
-20,5,0.85,0.85,RBOAA,5,0,303134.94,0.0001894828115121221,0.5874504139453649,0.9223704473909243
-20,5,0.85,0.85,CAA,5,0,67407.45,0.4459440268299962,0.7268071327967893,NaN
-20,5,0.85,0.85,OAA,5,0,325553.75,0.00020231854796590529,0.5609766378988646,0.7473501015249789
-20,5,0.85,0.85,TSAA,5,0,258.94318,0.11533344385121734,0.1092607057517951,NaN
