sigma,synthetic_k,a_param,b_param,AA_type,analysis_k,rep,loss,NMI,MCC,BDM
-20,5,1,1,RBOAA,5,0,91630.734,0.0006207841372661517,0.7033688146620987,0.9200814190108911
-20,5,1,1,CAA,5,0,7735.445,0.9206582647831479,0.9976868714198351,NaN
-20,5,1,1,OAA,5,0,99445.77,0.0010763660505930554,0.6491641430577573,0.3780560857786145
-20,5,1,1,TSAA,5,0,130.34106,0.5929343798252905,0.12271016389428704,NaN
