sigma,synthetic_k,a_param,b_param,AA_type,analysis_k,rep,loss,NMI,MCC,BDM
-20,5,1,1,RBOAA,5,0,91631.836,0.000300492451940456,0.7028718910644438,0.9174310846173854
-20,5,1,1,CAA,5,0,11368.465,0.8310919164090322,0.8873389550576624,NaN
-20,5,1,1,OAA,5,0,99509.586,0.0005204141229681643,0.6924793879216243,0.3869191055978664
-20,5,1,1,TSAA,5,0,130.12497,0.5849487511856755,0.07976140447964229,NaN
