sigma,synthetic_k,a_param,b_param,AA_type,analysis_k,rep,loss,NMI,MCC,BDM
-20,5,1,1,RBOAA,5,0,91625.945,0.0008052980792319442,0.7168576677066572,0.17731848959322516
-20,5,1,1,CAA,5,0,7758.8584,0.9168808817696238,0.9974693641813175,NaN
-20,5,1,1,OAA,5,0,99253.96,0.004026436993038615,0.748893254440181,0.07429373543335188
-20,5,1,1,TSAA,5,0,139.68918,0.600797371939384,0.08922990815499211,NaN
